timestamp,value,date
2025-06-19 04:31:00,52.9,2025-06-19
2025-06-19 15:59:00,42.7,2025-06-19
2025-06-19 14:04:00,2.4,2025-06-19
2025-06-19 08:45:00,51.3,2025-06-19
2025-06-19 14:01:00,79.2,2025-06-19
2025-06-19 10:36:00,74.1,2025-06-19
2025-06-19 23:29:00,84.0,2025-06-19
2025-06-19 07:47:00,83.2,2025-06-19
2025-06-19 01:36:00,55.2,2025-06-19
2025-06-19 00:42:00,35.1,2025-06-19
2025-06-19 05:05:00,22.1,2025-06-19
2025-06-19 13:42:00,84.3,2025-06-19
2025-06-19 15:29:00,23.5,2025-06-19
2025-06-19 12:32:00,57.8,2025-06-19
2025-06-19 01:09:00,33.5,2025-06-19
2025-06-19 02:08:00,30.5,2025-06-19
2025-06-19 12:56:00,37.2,2025-06-19
2025-06-19 16:01:00,55.7,2025-06-19
2025-06-19 17:23:00,31.7,2025-06-19
2025-06-19 16:05:00,46.6,2025-06-19
2025-06-19 16:53:00,18.5,2025-06-19
2025-06-19 05:43:00,95.6,2025-06-19
2025-06-19 08:55:00,0.1,2025-06-19
2025-06-19 15:44:00,14.5,2025-06-19
2025-06-19 07:00:00,97.2,2025-06-19
2025-06-19 16:56:00,10.7,2025-06-19
2025-06-19 22:46:00,23.9,2025-06-19
2025-06-19 07:43:00,93.2,2025-06-19
2025-06-19 21:55:00,68.4,2025-06-19
2025-06-19 07:28:00,67.2,2025-06-19
2025-06-19 07:27:00,77.9,2025-06-19
2025-06-19 15:23:00,63.2,2025-06-19
2025-06-19 15:28:00,86.1,2025-06-19
2025-06-19 14:58:00,57.5,2025-06-19
2025-06-19 12:19:00,72.2,2025-06-19
2025-06-19 03:08:00,40.8,2025-06-19
2025-06-19 23:19:00,94.6,2025-06-19
2025-06-19 19:52:00,5.8,2025-06-19
2025-06-19 09:31:00,96.3,2025-06-19
2025-06-19 18:35:00,34.6,2025-06-19
2025-06-19 16:52:00,12.8,2025-06-19
2025-06-19 21:45:00,24.4,2025-06-19
2025-06-19 15:39:00,24.6,2025-06-19
2025-06-19 22:12:00,91.6,2025-06-19
2025-06-19 20:06:00,90.2,2025-06-19
2025-06-19 11:51:00,62.4,2025-06-19
2025-06-19 04:10:00,27.4,2025-06-19
2025-06-19 19:19:00,67.9,2025-06-19
2025-06-19 20:51:00,11.4,2025-06-19
2025-06-19 18:57:00,46.2,2025-06-19
2025-06-19 14:11:00,71.5,2025-06-19
2025-06-19 06:17:00,45.9,2025-06-19
2025-06-19 13:45:00,3.5,2025-06-19
2025-06-19 09:28:00,35.2,2025-06-19
2025-06-19 23:16:00,7.0,2025-06-19
2025-06-19 19:04:00,32.9,2025-06-19
2025-06-19 21:32:00,33.4,2025-06-19
2025-06-19 05:36:00,65.8,2025-06-19
2025-06-19 16:13:00,16.6,2025-06-19
2025-06-19 13:19:00,94.0,2025-06-19
2025-06-19 06:05:00,3.7,2025-06-19
2025-06-19 06:59:00,35.9,2025-06-19
2025-06-19 15:11:00,73.5,2025-06-19
2025-06-19 21:52:00,81.6,2025-06-19
2025-06-19 19:50:00,55.3,2025-06-19
2025-06-19 11:07:00,22.9,2025-06-19
2025-06-19 09:45:00,78.6,2025-06-19
2025-06-19 17:45:00,45.0,2025-06-19
2025-06-19 19:30:00,70.9,2025-06-19
2025-06-19 12:14:00,2.0,2025-06-19
2025-06-19 21:39:00,71.0,2025-06-19
2025-06-19 09:24:00,71.7,2025-06-19
2025-06-19 06:50:00,28.2,2025-06-19
2025-06-19 23:55:00,67.3,2025-06-19
2025-06-19 16:41:00,48.8,2025-06-19
2025-06-19 19:51:00,68.1,2025-06-19
2025-06-19 08:11:00,40.4,2025-06-19
2025-06-19 19:36:00,48.1,2025-06-19
2025-06-19 02:25:00,78.9,2025-06-19
2025-06-19 07:46:00,43.3,2025-06-19
2025-06-19 21:11:00,81.2,2025-06-19
2025-06-19 01:27:00,35.0,2025-06-19
2025-06-19 23:17:00,16.1,2025-06-19
2025-06-19 13:28:00,25.8,2025-06-19
2025-06-19 16:57:00,13.9,2025-06-19
2025-06-19 20:26:00,76.7,2025-06-19
2025-06-19 07:15:00,30.8,2025-06-19
2025-06-19 05:56:00,66.2,2025-06-19
2025-06-19 10:54:00,1.4,2025-06-19
2025-06-19 21:51:00,72.3,2025-06-19
2025-06-19 05:37:00,15.2,2025-06-19
2025-06-19 08:40:00,38.2,2025-06-19
2025-06-19 16:14:00,32.3,2025-06-19
2025-06-19 03:17:00,85.4,2025-06-19
2025-06-19 10:18:00,83.3,2025-06-19
2025-06-19 07:08:00,31.0,2025-06-19
2025-06-19 23:35:00,79.9,2025-06-19
2025-06-19 14:16:00,56.7,2025-06-19
2025-06-19 12:22:00,30.9,2025-06-19
2025-06-19 20:18:00,96.7,2025-06-19
2025-06-19 23:58:00,65.2,2025-06-19
2025-06-19 20:15:00,0.8,2025-06-19
2025-06-19 13:39:00,57.1,2025-06-19
2025-06-19 10:25:00,83.4,2025-06-19
2025-06-19 08:00:00,78.9,2025-06-19
2025-06-19 00:49:00,90.0,2025-06-19
2025-06-19 09:59:00,29.3,2025-06-19
2025-06-19 05:08:00,17.8,2025-06-19
2025-06-19 08:13:00,61.0,2025-06-19
2025-06-19 02:39:00,13.4,2025-06-19
2025-06-19 22:14:00,89.5,2025-06-19
2025-06-19 11:38:00,22.8,2025-06-19
2025-06-19 04:52:00,45.0,2025-06-19
2025-06-19 03:16:00,89.6,2025-06-19
2025-06-19 08:05:00,45.7,2025-06-19
2025-06-19 02:42:00,61.7,2025-06-19
2025-06-19 01:23:00,72.0,2025-06-19
2025-06-19 23:37:00,74.5,2025-06-19
2025-06-19 20:24:00,59.7,2025-06-19
2025-06-19 19:44:00,29.0,2025-06-19
2025-06-19 13:06:00,63.9,2025-06-19
2025-06-19 12:26:00,58.9,2025-06-19
2025-06-19 00:54:00,73.3,2025-06-19
2025-06-19 16:02:00,98.1,2025-06-19
2025-06-19 02:18:00,42.7,2025-06-19
2025-06-19 16:58:00,96.4,2025-06-19
2025-06-19 12:08:00,38.3,2025-06-19
2025-06-19 14:28:00,77.5,2025-06-19
2025-06-19 15:48:00,66.9,2025-06-19
2025-06-19 13:04:00,97.8,2025-06-19
2025-06-19 19:18:00,16.0,2025-06-19
2025-06-19 19:55:00,60.6,2025-06-19
2025-06-19 12:27:00,66.3,2025-06-19
2025-06-19 00:26:00,75.3,2025-06-19
2025-06-19 05:27:00,3.5,2025-06-19
2025-06-19 05:38:00,15.6,2025-06-19
2025-06-19 11:33:00,80.6,2025-06-19
2025-06-19 14:12:00,1.4,2025-06-19
2025-06-19 23:24:00,99.3,2025-06-19
2025-06-19 00:16:00,92.6,2025-06-19
2025-06-19 06:44:00,37.8,2025-06-19
2025-06-19 21:19:00,98.6,2025-06-19
2025-06-19 05:30:00,67.6,2025-06-19
2025-06-19 04:55:00,63.2,2025-06-19
2025-06-19 10:21:00,61.7,2025-06-19
2025-06-19 21:20:00,29.5,2025-06-19
2025-06-19 06:42:00,38.0,2025-06-19
2025-06-19 08:36:00,86.8,2025-06-19
2025-06-19 16:50:00,57.2,2025-06-19
2025-06-19 02:48:00,72.2,2025-06-19
2025-06-19 14:51:00,43.8,2025-06-19
2025-06-19 07:45:00,67.7,2025-06-19
2025-06-19 15:46:00,80.4,2025-06-19
2025-06-19 00:43:00,58.1,2025-06-19
2025-06-19 16:04:00,71.2,2025-06-19
2025-06-19 14:08:00,36.9,2025-06-19
2025-06-19 00:17:00,65.1,2025-06-19
2025-06-19 16:46:00,2.6,2025-06-19
2025-06-19 23:13:00,28.6,2025-06-19
2025-06-19 20:28:00,58.3,2025-06-19
2025-06-19 03:42:00,58.6,2025-06-19
2025-06-19 13:23:00,33.7,2025-06-19
2025-06-19 01:26:00,82.5,2025-06-19
2025-06-19 20:59:00,90.7,2025-06-19
2025-06-19 08:31:00,87.9,2025-06-19
2025-06-19 04:09:00,20.5,2025-06-19
2025-06-19 16:31:00,2.4,2025-06-19
2025-06-19 20:42:00,69.3,2025-06-19
2025-06-19 07:48:00,64.4,2025-06-19
2025-06-19 21:30:00,57.4,2025-06-19
2025-06-19 07:35:00,49.7,2025-06-19
2025-06-19 15:03:00,80.1,2025-06-19
2025-06-19 22:40:00,56.1,2025-06-19
2025-06-19 04:07:00,34.9,2025-06-19
2025-06-19 13:12:00,25.1,2025-06-19
2025-06-19 13:56:00,56.5,2025-06-19
2025-06-19 11:09:00,30.2,2025-06-19
2025-06-19 02:20:00,72.9,2025-06-19
2025-06-19 04:30:00,91.3,2025-06-19
2025-06-19 09:18:00,17.5,2025-06-19
2025-06-19 17:34:00,85.5,2025-06-19
2025-06-19 08:18:00,31.1,2025-06-19
2025-06-19 15:32:00,25.2,2025-06-19
2025-06-19 01:21:00,0.6,2025-06-19
2025-06-19 18:51:00,7.0,2025-06-19
2025-06-19 05:49:00,67.5,2025-06-19
2025-06-19 01:32:00,82.9,2025-06-19
2025-06-19 23:46:00,37.1,2025-06-19
2025-06-19 19:21:00,72.4,2025-06-19
2025-06-19 16:44:00,47.2,2025-06-19
2025-06-19 00:29:00,61.3,2025-06-19
2025-06-19 11:30:00,70.0,2025-06-19
2025-06-19 17:10:00,67.7,2025-06-19
2025-06-19 21:22:00,41.2,2025-06-19
2025-06-19 10:05:00,61.6,2025-06-19
2025-06-19 14:42:00,80.9,2025-06-19
2025-06-19 09:48:00,54.8,2025-06-19
2025-06-19 21:43:00,30.7,2025-06-19
2025-06-19 03:06:00,80.0,2025-06-19
2025-06-19 04:19:00,4.9,2025-06-19
2025-06-19 20:07:00,4.7,2025-06-19
2025-06-19 15:09:00,71.5,2025-06-19
2025-06-19 14:24:00,84.4,2025-06-19
2025-06-19 06:38:00,42.6,2025-06-19
2025-06-19 20:11:00,88.9,2025-06-19
2025-06-19 01:54:00,44.0,2025-06-19
2025-06-19 07:01:00,74.1,2025-06-19
2025-06-19 06:52:00,89.2,2025-06-19
2025-06-19 19:22:00,79.5,2025-06-19
2025-06-19 22:02:00,7.8,2025-06-19
2025-06-19 08:59:00,86.2,2025-06-19
2025-06-19 10:07:00,29.1,2025-06-19
2025-06-19 02:11:00,64.9,2025-06-19
2025-06-19 07:36:00,34.6,2025-06-19
2025-06-19 16:26:00,41.2,2025-06-19
2025-06-19 17:49:00,26.9,2025-06-19
2025-06-19 09:25:00,65.3,2025-06-19
2025-06-19 06:03:00,12.4,2025-06-19
2025-06-19 22:57:00,26.0,2025-06-19
2025-06-19 18:15:00,75.1,2025-06-19
2025-06-19 12:50:00,75.5,2025-06-19
2025-06-19 15:33:00,35.2,2025-06-19
2025-06-19 20:13:00,77.3,2025-06-19
2025-06-19 01:46:00,9.7,2025-06-19
2025-06-19 23:00:00,33.0,2025-06-19
2025-06-19 14:48:00,76.3,2025-06-19
2025-06-19 08:48:00,99.1,2025-06-19
2025-06-19 14:14:00,94.4,2025-06-19
2025-06-19 11:16:00,43.3,2025-06-19
2025-06-19 05:23:00,25.2,2025-06-19
2025-06-19 07:34:00,70.2,2025-06-19
2025-06-19 11:53:00,11.6,2025-06-19
2025-06-19 11:36:00,80.6,2025-06-19
2025-06-19 13:05:00,79.9,2025-06-19
2025-06-19 22:00:00,63.6,2025-06-19
2025-06-19 05:15:00,76.6,2025-06-19
2025-06-19 21:00:00,73.0,2025-06-19
2025-06-19 13:29:00,52.0,2025-06-19
2025-06-19 21:03:00,89.8,2025-06-19
2025-06-19 00:08:00,91.0,2025-06-19
2025-06-19 12:31:00,47.6,2025-06-19
2025-06-19 21:01:00,0.6,2025-06-19
2025-06-19 12:45:00,98.0,2025-06-19
2025-06-19 12:42:00,15.9,2025-06-19
2025-06-19 09:39:00,53.5,2025-06-19
2025-06-19 13:30:00,94.7,2025-06-19
2025-06-19 12:41:00,27.5,2025-06-19
2025-06-19 02:16:00,84.3,2025-06-19
2025-06-19 04:50:00,57.3,2025-06-19
2025-06-19 04:27:00,75.4,2025-06-19
2025-06-19 03:23:00,36.8,2025-06-19
2025-06-19 20:32:00,9.2,2025-06-19
2025-06-19 11:57:00,4.7,2025-06-19
2025-06-19 20:41:00,60.2,2025-06-19
2025-06-19 20:17:00,1.1,2025-06-19
2025-06-19 21:50:00,60.6,2025-06-19
2025-06-19 11:52:00,13.6,2025-06-19
2025-06-19 12:34:00,64.2,2025-06-19
2025-06-19 07:04:00,79.1,2025-06-19
2025-06-19 23:10:00,28.3,2025-06-19
2025-06-19 00:02:00,92.1,2025-06-19
2025-06-19 06:04:00,86.4,2025-06-19
2025-06-19 05:06:00,75.3,2025-06-19
2025-06-19 09:58:00,89.8,2025-06-19
2025-06-19 10:42:00,36.8,2025-06-19
2025-06-19 21:58:00,28.2,2025-06-19
2025-06-19 13:43:00,56.5,2025-06-19
2025-06-19 15:50:00,80.6,2025-06-19
2025-06-19 10:28:00,32.9,2025-06-19
2025-06-19 20:05:00,4.2,2025-06-19
2025-06-19 20:46:00,67.6,2025-06-19
2025-06-19 08:06:00,18.7,2025-06-19
2025-06-19 21:28:00,69.1,2025-06-19
2025-06-19 17:38:00,92.4,2025-06-19
2025-06-19 15:42:00,80.6,2025-06-19
2025-06-19 00:05:00,23.9,2025-06-19
2025-06-19 08:41:00,51.2,2025-06-19
2025-06-19 04:34:00,79.9,2025-06-19
2025-06-19 18:49:00,49.2,2025-06-19
2025-06-19 07:18:00,13.6,2025-06-19
2025-06-19 06:56:00,91.9,2025-06-19
2025-06-19 04:26:00,88.0,2025-06-19
2025-06-19 04:23:00,93.2,2025-06-19
2025-06-19 11:59:00,31.0,2025-06-19
2025-06-19 01:47:00,64.4,2025-06-19
2025-06-19 17:52:00,44.8,2025-06-19
2025-06-19 05:31:00,1.8,2025-06-19
2025-06-19 05:40:00,48.8,2025-06-19
2025-06-19 15:53:00,93.2,2025-06-19
2025-06-19 06:40:00,81.2,2025-06-19
2025-06-19 13:50:00,8.4,2025-06-19
2025-06-19 17:06:00,45.0,2025-06-19
2025-06-19 19:31:00,85.3,2025-06-19
2025-06-19 01:02:00,36.3,2025-06-19
2025-06-19 09:55:00,2.0,2025-06-19
2025-06-19 04:04:00,97.4,2025-06-19
2025-06-19 10:39:00,66.6,2025-06-19
2025-06-19 14:09:00,53.0,2025-06-19
2025-06-19 10:44:00,66.9,2025-06-19
2025-06-19 02:41:00,84.4,2025-06-19
2025-06-19 18:52:00,94.9,2025-06-19
2025-06-19 14:49:00,61.8,2025-06-19
2025-06-19 09:02:00,81.0,2025-06-19
2025-06-19 03:22:00,96.3,2025-06-19
2025-06-19 21:04:00,1.1,2025-06-19
2025-06-19 05:42:00,81.5,2025-06-19
2025-06-19 07:55:00,4.9,2025-06-19
2025-06-19 12:47:00,58.5,2025-06-19
2025-06-19 14:54:00,14.9,2025-06-19
2025-06-19 00:55:00,21.3,2025-06-19
2025-06-19 04:25:00,53.9,2025-06-19
2025-06-19 21:23:00,43.4,2025-06-19
2025-06-19 01:40:00,24.0,2025-06-19
2025-06-19 17:53:00,73.5,2025-06-19
2025-06-19 12:37:00,0.7,2025-06-19
2025-06-19 09:54:00,74.6,2025-06-19
2025-06-19 11:55:00,34.1,2025-06-19
2025-06-19 16:18:00,50.0,2025-06-19
2025-06-19 17:13:00,64.3,2025-06-19
2025-06-19 02:43:00,71.7,2025-06-19
2025-06-19 21:34:00,92.5,2025-06-19
2025-06-19 11:49:00,50.7,2025-06-19
2025-06-19 04:28:00,7.1,2025-06-19
2025-06-19 06:25:00,51.5,2025-06-19
2025-06-19 02:33:00,87.6,2025-06-19
2025-06-19 19:01:00,58.3,2025-06-19
2025-06-19 05:52:00,57.8,2025-06-19
2025-06-19 12:29:00,35.0,2025-06-19
2025-06-19 02:29:00,96.1,2025-06-19
2025-06-19 13:07:00,54.6,2025-06-19
2025-06-19 17:15:00,48.3,2025-06-19
2025-06-19 20:14:00,88.7,2025-06-19
2025-06-19 22:48:00,28.1,2025-06-19
2025-06-19 09:29:00,21.2,2025-06-19
2025-06-19 14:32:00,20.9,2025-06-19
2025-06-19 11:37:00,61.6,2025-06-19
2025-06-19 08:02:00,47.8,2025-06-19
2025-06-19 17:57:00,87.2,2025-06-19
2025-06-19 00:56:00,77.8,2025-06-19
2025-06-19 08:38:00,93.5,2025-06-19
2025-06-19 15:55:00,59.7,2025-06-19
2025-06-19 02:06:00,87.2,2025-06-19
2025-06-19 10:35:00,79.3,2025-06-19
2025-06-19 22:31:00,70.8,2025-06-19
2025-06-19 09:50:00,41.9,2025-06-19
2025-06-19 06:22:00,19.2,2025-06-19
2025-06-19 09:52:00,18.6,2025-06-19
2025-06-19 12:04:00,19.7,2025-06-19
2025-06-19 12:55:00,71.4,2025-06-19
2025-06-19 20:48:00,82.7,2025-06-19
2025-06-19 23:59:00,8.9,2025-06-19
2025-06-19 13:52:00,72.3,2025-06-19
2025-06-19 21:16:00,8.3,2025-06-19
2025-06-19 14:13:00,40.9,2025-06-19
2025-06-19 07:24:00,92.3,2025-06-19
2025-06-19 08:04:00,17.6,2025-06-19
2025-06-19 16:12:00,22.7,2025-06-19
2025-06-19 10:49:00,24.9,2025-06-19
2025-06-19 14:02:00,35.9,2025-06-19
2025-06-19 18:04:00,24.2,2025-06-19
2025-06-19 05:58:00,93.7,2025-06-19
2025-06-19 17:08:00,72.3,2025-06-19
2025-06-19 05:35:00,96.4,2025-06-19
2025-06-19 18:06:00,66.1,2025-06-19
2025-06-19 00:06:00,95.8,2025-06-19
2025-06-19 01:59:00,51.0,2025-06-19
2025-06-19 10:32:00,44.7,2025-06-19
2025-06-19 18:31:00,10.1,2025-06-19
2025-06-19 16:23:00,84.4,2025-06-19
2025-06-19 20:21:00,91.1,2025-06-19
2025-06-19 07:23:00,5.9,2025-06-19
2025-06-19 20:52:00,82.1,2025-06-19
2025-06-19 12:58:00,27.0,2025-06-19
2025-06-19 21:33:00,55.1,2025-06-19
2025-06-19 19:20:00,20.6,2025-06-19
2025-06-19 18:14:00,26.4,2025-06-19
2025-06-19 19:46:00,66.2,2025-06-19
2025-06-19 12:16:00,35.0,2025-06-19
2025-06-19 10:38:00,8.2,2025-06-19
2025-06-19 16:49:00,74.8,2025-06-19
2025-06-19 14:47:00,43.4,2025-06-19
2025-06-19 03:21:00,31.9,2025-06-19
2025-06-19 09:26:00,57.5,2025-06-19
2025-06-19 18:40:00,60.1,2025-06-19
2025-06-19 06:37:00,20.7,2025-06-19
2025-06-19 23:54:00,10.6,2025-06-19
2025-06-19 10:02:00,45.5,2025-06-19
2025-06-19 23:21:00,18.9,2025-06-19
2025-06-19 14:39:00,45.4,2025-06-19
2025-06-19 03:30:00,28.9,2025-06-19
2025-06-19 19:27:00,92.9,2025-06-19
2025-06-19 15:16:00,39.5,2025-06-19
2025-06-19 02:28:00,5.3,2025-06-19
2025-06-19 04:22:00,75.2,2025-06-19
2025-06-19 19:57:00,13.4,2025-06-19
2025-06-19 10:09:00,36.5,2025-06-19
2025-06-19 06:49:00,26.2,2025-06-19
2025-06-19 12:05:00,18.3,2025-06-19
2025-06-19 19:09:00,28.4,2025-06-19
2025-06-19 14:19:00,14.7,2025-06-19
2025-06-19 06:18:00,49.7,2025-06-19
2025-06-19 01:15:00,65.2,2025-06-19
2025-06-19 09:16:00,90.0,2025-06-19
2025-06-19 19:47:00,3.5,2025-06-19
2025-06-19 14:29:00,21.0,2025-06-19
2025-06-19 20:36:00,48.2,2025-06-19
2025-06-19 00:32:00,33.6,2025-06-19
2025-06-19 04:15:00,7.6,2025-06-19
2025-06-19 18:44:00,51.6,2025-06-19
2025-06-19 03:52:00,12.8,2025-06-19
2025-06-19 06:33:00,47.4,2025-06-19
2025-06-19 15:24:00,83.6,2025-06-19
2025-06-19 07:44:00,56.6,2025-06-19
2025-06-19 22:37:00,82.7,2025-06-19
2025-06-19 21:38:00,30.4,2025-06-19
2025-06-19 13:54:00,89.9,2025-06-19
2025-06-19 16:39:00,12.3,2025-06-19
2025-06-19 09:43:00,22.4,2025-06-19
2025-06-19 15:10:00,69.7,2025-06-19
2025-06-19 06:51:00,20.8,2025-06-19
2025-06-19 03:57:00,66.8,2025-06-19
2025-06-19 18:29:00,60.9,2025-06-19
2025-06-19 11:11:00,43.8,2025-06-19
2025-06-19 17:36:00,3.1,2025-06-19
2025-06-19 02:44:00,21.3,2025-06-19
2025-06-19 00:28:00,42.2,2025-06-19
2025-06-19 01:48:00,59.3,2025-06-19
2025-06-19 01:44:00,31.3,2025-06-19
2025-06-19 07:12:00,30.5,2025-06-19
2025-06-19 04:49:00,12.4,2025-06-19
2025-06-19 15:15:00,8.3,2025-06-19
2025-06-19 07:21:00,84.4,2025-06-19
2025-06-19 17:51:00,93.1,2025-06-19
2025-06-19 08:19:00,9.4,2025-06-19
2025-06-19 14:21:00,12.9,2025-06-19
2025-06-19 16:25:00,10.2,2025-06-19
2025-06-19 05:48:00,26.7,2025-06-19
2025-06-19 17:47:00,9.2,2025-06-19
2025-06-19 15:05:00,64.7,2025-06-19
2025-06-19 11:04:00,51.6,2025-06-19
2025-06-19 14:34:00,91.4,2025-06-19
2025-06-19 07:25:00,98.8,2025-06-19
2025-06-19 17:12:00,21.0,2025-06-19
2025-06-19 10:10:00,4.3,2025-06-19
2025-06-19 18:54:00,71.1,2025-06-19
2025-06-19 00:37:00,77.1,2025-06-19
2025-06-19 04:01:00,71.1,2025-06-19
2025-06-19 01:39:00,41.6,2025-06-19
2025-06-19 05:22:00,39.8,2025-06-19
2025-06-19 19:11:00,70.2,2025-06-19
2025-06-19 12:25:00,12.3,2025-06-19
2025-06-19 01:00:00,66.7,2025-06-19
2025-06-19 01:37:00,14.8,2025-06-19
2025-06-19 05:44:00,9.5,2025-06-19
2025-06-19 17:54:00,76.8,2025-06-19
2025-06-19 21:26:00,21.9,2025-06-19
2025-06-19 00:45:00,64.1,2025-06-19
2025-06-19 23:57:00,86.1,2025-06-19
2025-06-19 10:56:00,98.5,2025-06-19
2025-06-19 20:19:00,97.6,2025-06-19
2025-06-19 13:08:00,22.6,2025-06-19
2025-06-19 01:57:00,8.5,2025-06-19
2025-06-19 12:39:00,50.2,2025-06-19
2025-06-19 02:21:00,88.4,2025-06-19
2025-06-19 02:59:00,22.8,2025-06-19
2025-06-19 03:36:00,4.4,2025-06-19
2025-06-19 16:40:00,72.3,2025-06-19
2025-06-19 08:15:00,78.3,2025-06-19
2025-06-19 00:27:00,79.1,2025-06-19
2025-06-19 01:11:00,34.0,2025-06-19
2025-06-19 22:32:00,15.4,2025-06-19
2025-06-19 18:03:00,46.4,2025-06-19
2025-06-19 04:00:00,85.7,2025-06-19
2025-06-19 14:44:00,9.1,2025-06-19
2025-06-19 17:00:00,48.9,2025-06-19
2025-06-19 04:59:00,41.6,2025-06-19
2025-06-19 19:42:00,67.0,2025-06-19
2025-06-19 08:39:00,82.9,2025-06-19
2025-06-19 00:15:00,57.2,2025-06-19
2025-06-19 06:54:00,65.2,2025-06-19
2025-06-19 05:25:00,92.7,2025-06-19
2025-06-19 09:32:00,57.3,2025-06-19
2025-06-19 19:53:00,41.7,2025-06-19
2025-06-19 03:02:00,30.1,2025-06-19
2025-06-19 13:09:00,37.1,2025-06-19
2025-06-19 22:50:00,25.0,2025-06-19
2025-06-19 05:53:00,18.2,2025-06-19
2025-06-19 11:28:00,91.7,2025-06-19
2025-06-19 07:39:00,88.1,2025-06-19
2025-06-19 12:54:00,71.4,2025-06-19
2025-06-19 23:09:00,79.7,2025-06-19
2025-06-19 06:15:00,95.5,2025-06-19
2025-06-19 04:16:00,41.9,2025-06-19
2025-06-19 10:31:00,59.3,2025-06-19
2025-06-19 10:51:00,60.9,2025-06-19
2025-06-19 17:56:00,62.9,2025-06-19
2025-06-19 13:02:00,31.6,2025-06-19
2025-06-19 08:50:00,11.1,2025-06-19
2025-06-19 04:21:00,33.8,2025-06-19
2025-06-19 01:03:00,20.6,2025-06-19
2025-06-19 06:43:00,38.1,2025-06-19
2025-06-19 16:30:00,85.1,2025-06-19
2025-06-19 07:20:00,59.8,2025-06-19
2025-06-19 06:12:00,36.0,2025-06-19
2025-06-19 18:41:00,93.9,2025-06-19
2025-06-19 00:58:00,74.6,2025-06-19
2025-06-19 23:48:00,69.0,2025-06-19
2025-06-19 19:45:00,19.9,2025-06-19
2025-06-19 09:04:00,39.9,2025-06-19
2025-06-19 10:43:00,8.5,2025-06-19
2025-06-19 01:43:00,98.7,2025-06-19
2025-06-19 06:14:00,3.0,2025-06-19
2025-06-19 21:41:00,90.5,2025-06-19
2025-06-19 23:06:00,78.4,2025-06-19
2025-06-19 02:01:00,77.8,2025-06-19
2025-06-19 22:47:00,63.9,2025-06-19
2025-06-19 01:01:00,29.0,2025-06-19
2025-06-19 21:37:00,27.0,2025-06-19
2025-06-19 09:49:00,22.6,2025-06-19
2025-06-19 01:56:00,1.3,2025-06-19
2025-06-19 06:55:00,47.7,2025-06-19
2025-06-19 16:38:00,86.8,2025-06-19
2025-06-19 04:03:00,35.3,2025-06-19
2025-06-19 02:49:00,21.2,2025-06-19
2025-06-19 06:02:00,98.4,2025-06-19
2025-06-19 23:07:00,26.0,2025-06-19
2025-06-19 23:14:00,23.2,2025-06-19
2025-06-19 18:18:00,26.7,2025-06-19
2025-06-19 21:57:00,31.2,2025-06-19
2025-06-19 07:10:00,81.5,2025-06-19
2025-06-19 00:35:00,24.9,2025-06-19
2025-06-19 00:36:00,57.3,2025-06-19
2025-06-19 22:11:00,44.4,2025-06-19
2025-06-19 21:53:00,33.4,2025-06-19
2025-06-19 07:02:00,73.4,2025-06-19
2025-06-19 01:12:00,53.2,2025-06-19
2025-06-19 15:31:00,35.9,2025-06-19
2025-06-19 21:44:00,30.3,2025-06-19
2025-06-19 05:26:00,91.4,2025-06-19
2025-06-19 22:54:00,24.5,2025-06-19
2025-06-19 18:12:00,69.7,2025-06-19
2025-06-19 11:20:00,12.1,2025-06-19
2025-06-19 14:05:00,12.8,2025-06-19
2025-06-19 06:24:00,96.4,2025-06-19
2025-06-19 20:04:00,36.2,2025-06-19
2025-06-19 12:59:00,84.9,2025-06-19
2025-06-19 10:40:00,14.1,2025-06-19
2025-06-19 07:30:00,14.0,2025-06-19
2025-06-19 07:13:00,90.3,2025-06-19
2025-06-19 02:23:00,28.2,2025-06-19
2025-06-19 14:00:00,41.3,2025-06-19
2025-06-19 09:42:00,69.4,2025-06-19
2025-06-19 00:23:00,30.3,2025-06-19
2025-06-19 19:16:00,68.7,2025-06-19
2025-06-19 09:47:00,10.3,2025-06-19
2025-06-19 22:26:00,56.2,2025-06-19
2025-06-19 00:04:00,3.3,2025-06-19
2025-06-19 17:46:00,53.1,2025-06-19
2025-06-19 20:09:00,1.5,2025-06-19
2025-06-19 10:16:00,60.0,2025-06-19
2025-06-19 17:18:00,81.1,2025-06-19
2025-06-19 03:29:00,25.4,2025-06-19
2025-06-19 08:16:00,80.2,2025-06-19
2025-06-19 05:24:00,4.2,2025-06-19
2025-06-19 09:41:00,67.4,2025-06-19
2025-06-19 14:50:00,16.7,2025-06-19
2025-06-19 00:46:00,75.0,2025-06-19
2025-06-19 22:08:00,4.8,2025-06-19
2025-06-19 21:24:00,28.3,2025-06-19
2025-06-19 16:06:00,53.9,2025-06-19
2025-06-19 11:45:00,72.4,2025-06-19
2025-06-19 04:05:00,29.5,2025-06-19
2025-06-19 23:25:00,28.4,2025-06-19
2025-06-19 12:49:00,59.5,2025-06-19
2025-06-19 02:50:00,24.5,2025-06-19
2025-06-19 05:11:00,92.1,2025-06-19
2025-06-19 02:31:00,59.6,2025-06-19
2025-06-19 11:18:00,84.5,2025-06-19
2025-06-19 05:28:00,79.0,2025-06-19
2025-06-19 05:19:00,14.3,2025-06-19
2025-06-19 02:17:00,59.8,2025-06-19
2025-06-19 11:17:00,87.6,2025-06-19
2025-06-19 05:55:00,41.6,2025-06-19
2025-06-19 06:45:00,41.5,2025-06-19
2025-06-19 03:34:00,41.7,2025-06-19
2025-06-19 10:45:00,39.1,2025-06-19
2025-06-19 08:32:00,63.8,2025-06-19
2025-06-19 07:16:00,75.2,2025-06-19
2025-06-19 02:53:00,21.8,2025-06-19
2025-06-19 10:30:00,1.7,2025-06-19
2025-06-19 09:03:00,40.9,2025-06-19
2025-06-19 06:39:00,49.3,2025-06-19
2025-06-19 08:37:00,5.1,2025-06-19
2025-06-19 03:44:00,40.5,2025-06-19
2025-06-19 11:08:00,67.4,2025-06-19
2025-06-19 12:20:00,9.0,2025-06-19
2025-06-19 02:45:00,18.1,2025-06-19
2025-06-19 10:48:00,63.5,2025-06-19
2025-06-19 10:24:00,68.0,2025-06-19
2025-06-19 03:20:00,49.3,2025-06-19
2025-06-19 17:14:00,56.0,2025-06-19
2025-06-19 23:47:00,29.6,2025-06-19
2025-06-19 21:40:00,25.0,2025-06-19
2025-06-19 18:08:00,6.5,2025-06-19
2025-06-19 23:51:00,55.4,2025-06-19
2025-06-19 13:21:00,83.2,2025-06-19
2025-06-19 01:29:00,76.5,2025-06-19
2025-06-19 23:42:00,73.6,2025-06-19
2025-06-19 05:47:00,38.1,2025-06-19
2025-06-19 20:00:00,95.1,2025-06-19
2025-06-19 04:18:00,10.9,2025-06-19
2025-06-19 15:45:00,70.8,2025-06-19
2025-06-19 04:39:00,33.7,2025-06-19
2025-06-19 05:59:00,2.4,2025-06-19
2025-06-19 16:07:00,18.5,2025-06-19
2025-06-19 11:14:00,42.5,2025-06-19
2025-06-19 01:10:00,30.0,2025-06-19
2025-06-19 08:22:00,99.3,2025-06-19
2025-06-19 08:30:00,51.3,2025-06-19
2025-06-19 03:25:00,30.4,2025-06-19
2025-06-19 09:34:00,45.7,2025-06-19
2025-06-19 22:16:00,99.7,2025-06-19
2025-06-19 18:13:00,52.8,2025-06-19
2025-06-19 12:52:00,99.8,2025-06-19
2025-06-19 22:34:00,48.8,2025-06-19
2025-06-19 05:57:00,45.7,2025-06-19
2025-06-19 08:24:00,58.6,2025-06-19
2025-06-19 17:33:00,95.7,2025-06-19
2025-06-19 19:15:00,30.5,2025-06-19
2025-06-19 20:57:00,79.4,2025-06-19
2025-06-19 01:51:00,54.5,2025-06-19
2025-06-19 08:17:00,54.0,2025-06-19
2025-06-19 22:41:00,40.6,2025-06-19
2025-06-19 12:24:00,21.1,2025-06-19
2025-06-19 04:56:00,71.0,2025-06-19
2025-06-19 07:42:00,7.2,2025-06-19
2025-06-19 08:20:00,28.1,2025-06-19
2025-06-19 23:53:00,63.1,2025-06-19
2025-06-19 00:14:00,18.8,2025-06-19
2025-06-19 23:44:00,29.4,2025-06-19
2025-06-19 03:55:00,12.9,2025-06-19
2025-06-19 16:22:00,66.7,2025-06-19
2025-06-19 03:12:00,81.1,2025-06-19
2025-06-19 00:30:00,4.7,2025-06-19
2025-06-19 16:17:00,72.4,2025-06-19
2025-06-19 02:27:00,95.4,2025-06-19
2025-06-19 22:45:00,69.3,2025-06-19
2025-06-19 18:58:00,88.0,2025-06-19
2025-06-19 01:17:00,66.1,2025-06-19
2025-06-19 19:34:00,24.9,2025-06-19
2025-06-19 03:54:00,98.5,2025-06-19
2025-06-19 13:01:00,10.3,2025-06-19
2025-06-19 03:39:00,50.5,2025-06-19
2025-06-19 08:46:00,21.5,2025-06-19
2025-06-19 16:03:00,90.2,2025-06-19
2025-06-19 00:51:00,65.3,2025-06-19
2025-06-19 14:23:00,94.1,2025-06-19
2025-06-19 17:07:00,14.9,2025-06-19
2025-06-19 03:48:00,11.8,2025-06-19
2025-06-19 03:56:00,33.6,2025-06-19
2025-06-19 18:55:00,96.6,2025-06-19
2025-06-19 04:44:00,27.3,2025-06-19
2025-06-19 20:45:00,87.8,2025-06-19
2025-06-19 12:01:00,66.1,2025-06-19
2025-06-19 13:41:00,12.4,2025-06-19
2025-06-19 07:14:00,86.5,2025-06-19
2025-06-19 23:11:00,19.5,2025-06-19
2025-06-19 17:58:00,21.5,2025-06-19
2025-06-19 20:02:00,29.5,2025-06-19
2025-06-19 01:58:00,67.3,2025-06-19
2025-06-19 02:00:00,44.8,2025-06-19
2025-06-19 19:02:00,63.8,2025-06-19
2025-06-19 18:17:00,45.8,2025-06-19
2025-06-19 10:53:00,28.2,2025-06-19
2025-06-19 23:32:00,17.4,2025-06-19
2025-06-19 19:29:00,24.5,2025-06-19
2025-06-19 05:50:00,76.5,2025-06-19
2025-06-19 06:23:00,28.8,2025-06-19
2025-06-19 18:33:00,1.9,2025-06-19
2025-06-19 13:27:00,41.6,2025-06-19
2025-06-19 11:19:00,61.9,2025-06-19
2025-06-19 11:46:00,91.6,2025-06-19
2025-06-19 04:47:00,14.9,2025-06-19
2025-06-19 09:13:00,92.5,2025-06-19
2025-06-19 18:09:00,63.6,2025-06-19
2025-06-19 12:11:00,93.0,2025-06-19
2025-06-19 02:54:00,47.0,2025-06-19
2025-06-19 19:38:00,57.7,2025-06-19
2025-06-19 22:03:00,74.5,2025-06-19
2025-06-19 17:16:00,81.9,2025-06-19
2025-06-19 18:36:00,63.7,2025-06-19
2025-06-19 00:31:00,82.3,2025-06-19
2025-06-19 07:59:00,0.3,2025-06-19
2025-06-19 02:15:00,96.7,2025-06-19
2025-06-19 06:13:00,20.6,2025-06-19
2025-06-19 08:58:00,80.3,2025-06-19
2025-06-19 17:09:00,84.6,2025-06-19
2025-06-19 12:51:00,8.7,2025-06-19
2025-06-19 11:03:00,47.5,2025-06-19
2025-06-19 11:47:00,40.2,2025-06-19
2025-06-19 18:22:00,17.0,2025-06-19
2025-06-19 06:32:00,51.3,2025-06-19
2025-06-19 20:01:00,22.8,2025-06-19
2025-06-19 10:37:00,35.9,2025-06-19
2025-06-19 05:07:00,7.3,2025-06-19
2025-06-19 12:57:00,88.7,2025-06-19
2025-06-19 21:47:00,92.8,2025-06-19
2025-06-19 22:20:00,47.0,2025-06-19
2025-06-19 11:01:00,78.5,2025-06-19
2025-06-19 16:15:00,27.2,2025-06-19
2025-06-19 11:22:00,59.3,2025-06-19
2025-06-19 03:32:00,1.8,2025-06-19
2025-06-19 22:42:00,23.7,2025-06-19
2025-06-19 07:51:00,42.3,2025-06-19
2025-06-19 07:40:00,22.3,2025-06-19
2025-06-19 06:19:00,74.1,2025-06-19
2025-06-19 07:11:00,83.8,2025-06-19
2025-06-19 15:25:00,51.9,2025-06-19
2025-06-19 10:41:00,45.9,2025-06-19
2025-06-19 02:58:00,5.3,2025-06-19
2025-06-19 09:15:00,46.7,2025-06-19
2025-06-19 18:21:00,1.3,2025-06-19
2025-06-19 03:45:00,1.8,2025-06-19
2025-06-19 12:17:00,13.2,2025-06-19
2025-06-19 20:22:00,55.6,2025-06-19
2025-06-19 05:14:00,81.4,2025-06-19
2025-06-19 13:13:00,72.8,2025-06-19
2025-06-19 09:06:00,14.4,2025-06-19
2025-06-19 14:35:00,75.1,2025-06-19
2025-06-19 09:35:00,76.4,2025-06-19
2025-06-19 02:12:00,7.5,2025-06-19
2025-06-19 08:25:00,33.1,2025-06-19
2025-06-19 22:09:00,82.2,2025-06-19
2025-06-19 20:33:00,44.2,2025-06-19
2025-06-19 13:47:00,94.6,2025-06-19
2025-06-19 19:24:00,28.7,2025-06-19
2025-06-19 19:41:00,64.4,2025-06-19
2025-06-19 03:13:00,64.3,2025-06-19
2025-06-19 19:56:00,68.9,2025-06-19
2025-06-19 09:33:00,34.3,2025-06-19
2025-06-19 12:09:00,58.7,2025-06-19
2025-06-19 10:34:00,21.2,2025-06-19
2025-06-19 12:46:00,28.1,2025-06-19
2025-06-19 12:00:00,16.8,2025-06-19
2025-06-19 17:32:00,33.6,2025-06-19
2025-06-19 19:43:00,33.1,2025-06-19
2025-06-19 02:26:00,22.6,2025-06-19
2025-06-19 00:21:00,10.9,2025-06-19
2025-06-19 21:18:00,86.6,2025-06-19
2025-06-19 06:48:00,49.9,2025-06-19
2025-06-19 02:04:00,43.0,2025-06-19
2025-06-19 23:50:00,72.0,2025-06-19
2025-06-19 04:06:00,6.0,2025-06-19
2025-06-19 11:48:00,40.6,2025-06-19
2025-06-19 08:47:00,62.7,2025-06-19
2025-06-19 01:34:00,21.4,2025-06-19
2025-06-19 05:29:00,3.9,2025-06-19
2025-06-19 21:14:00,42.7,2025-06-19
2025-06-19 05:03:00,21.2,2025-06-19
2025-06-19 02:05:00,87.1,2025-06-19
2025-06-19 06:07:00,13.2,2025-06-19
2025-06-19 10:50:00,36.6,2025-06-19
2025-06-19 17:39:00,62.8,2025-06-19
2025-06-19 22:51:00,52.4,2025-06-19
2025-06-19 09:07:00,66.2,2025-06-19
2025-06-19 17:27:00,62.3,2025-06-19
2025-06-19 08:35:00,7.7,2025-06-19
2025-06-19 16:51:00,11.3,2025-06-19
2025-06-19 01:05:00,11.3,2025-06-19
2025-06-19 20:20:00,66.2,2025-06-19
2025-06-19 12:06:00,35.6,2025-06-19
2025-06-19 02:47:00,6.7,2025-06-19
2025-06-19 11:32:00,8.5,2025-06-19
2025-06-19 11:25:00,13.9,2025-06-19
2025-06-19 13:18:00,51.8,2025-06-19
2025-06-19 22:44:00,24.5,2025-06-19
2025-06-19 03:38:00,73.2,2025-06-19
2025-06-19 08:52:00,98.2,2025-06-19
2025-06-19 17:29:00,13.3,2025-06-19
2025-06-19 21:35:00,4.2,2025-06-19
2025-06-19 05:09:00,6.1,2025-06-19
2025-06-19 14:57:00,75.4,2025-06-19
2025-06-19 15:21:00,93.9,2025-06-19
2025-06-19 16:42:00,99.9,2025-06-19
2025-06-19 20:53:00,58.1,2025-06-19
2025-06-19 04:46:00,80.3,2025-06-19
2025-06-19 18:30:00,82.3,2025-06-19
2025-06-19 17:50:00,15.4,2025-06-19
2025-06-19 02:24:00,21.6,2025-06-19
2025-06-19 02:30:00,3.9,2025-06-19
2025-06-19 16:45:00,64.6,2025-06-19
2025-06-19 05:12:00,3.4,2025-06-19
2025-06-19 22:36:00,47.7,2025-06-19
2025-06-19 21:10:00,3.8,2025-06-19
2025-06-19 03:53:00,11.0,2025-06-19
2025-06-19 00:07:00,3.6,2025-06-19
2025-06-19 04:57:00,28.2,2025-06-19
2025-06-19 13:03:00,35.4,2025-06-19
2025-06-19 19:23:00,19.4,2025-06-19
2025-06-19 05:10:00,9.3,2025-06-19
2025-06-19 09:11:00,73.4,2025-06-19
2025-06-19 09:56:00,27.3,2025-06-19
2025-06-19 14:17:00,59.7,2025-06-19
2025-06-19 04:17:00,21.0,2025-06-19
2025-06-19 01:52:00,6.0,2025-06-19
2025-06-19 16:34:00,68.1,2025-06-19
2025-06-19 10:01:00,68.4,2025-06-19
2025-06-19 09:22:00,17.8,2025-06-19
2025-06-19 03:35:00,33.1,2025-06-19
2025-06-19 06:46:00,8.3,2025-06-19
2025-06-19 03:27:00,43.2,2025-06-19
2025-06-19 15:17:00,71.4,2025-06-19
2025-06-19 04:24:00,36.3,2025-06-19
2025-06-19 05:00:00,76.1,2025-06-19
2025-06-19 02:09:00,72.3,2025-06-19
2025-06-19 10:26:00,34.2,2025-06-19
2025-06-19 01:33:00,4.9,2025-06-19
2025-06-19 06:31:00,56.6,2025-06-19
2025-06-19 13:17:00,70.1,2025-06-19
2025-06-19 23:49:00,21.2,2025-06-19
2025-06-19 00:24:00,56.0,2025-06-19
2025-06-19 22:06:00,37.7,2025-06-19
2025-06-19 06:47:00,42.2,2025-06-19
2025-06-19 02:10:00,13.0,2025-06-19
2025-06-19 22:33:00,13.1,2025-06-19
2025-06-19 22:21:00,34.5,2025-06-19
2025-06-19 04:51:00,96.8,2025-06-19
2025-06-19 12:23:00,33.3,2025-06-19
2025-06-19 09:19:00,1.7,2025-06-19
2025-06-19 10:46:00,97.7,2025-06-19
2025-06-19 06:01:00,59.1,2025-06-19
2025-06-19 12:15:00,88.5,2025-06-19
2025-06-19 06:21:00,4.5,2025-06-19
2025-06-19 07:17:00,18.1,2025-06-19
2025-06-19 01:35:00,65.7,2025-06-19
2025-06-19 08:26:00,53.9,2025-06-19
2025-06-19 03:40:00,91.0,2025-06-19
2025-06-19 04:32:00,55.7,2025-06-19
2025-06-19 13:24:00,23.1,2025-06-19
2025-06-19 15:00:00,30.2,2025-06-19
2025-06-19 17:04:00,80.7,2025-06-19
2025-06-19 10:29:00,99.6,2025-06-19
2025-06-19 15:34:00,64.5,2025-06-19
2025-06-19 08:44:00,16.5,2025-06-19
2025-06-19 13:37:00,65.1,2025-06-19
2025-06-19 14:55:00,80.0,2025-06-19
2025-06-19 04:58:00,68.9,2025-06-19
2025-06-19 04:54:00,20.2,2025-06-19
2025-06-19 11:43:00,44.6,2025-06-19
2025-06-19 06:11:00,5.9,2025-06-19
2025-06-19 07:05:00,56.1,2025-06-19
2025-06-19 13:40:00,27.7,2025-06-19
2025-06-19 15:40:00,23.3,2025-06-19
2025-06-19 22:04:00,1.6,2025-06-19
2025-06-19 11:10:00,69.4,2025-06-19
2025-06-19 11:40:00,0.9,2025-06-19
2025-06-19 13:16:00,72.7,2025-06-19
2025-06-19 11:26:00,95.5,2025-06-19
2025-06-19 11:29:00,40.1,2025-06-19
2025-06-19 07:26:00,31.7,2025-06-19
2025-06-19 00:59:00,39.0,2025-06-19
2025-06-19 01:38:00,61.6,2025-06-19
2025-06-19 07:49:00,24.8,2025-06-19
2025-06-19 02:55:00,80.5,2025-06-19
2025-06-19 06:26:00,20.7,2025-06-19
2025-06-19 07:07:00,78.5,2025-06-19
2025-06-19 17:26:00,16.0,2025-06-19
2025-06-19 23:41:00,52.4,2025-06-19
2025-06-19 16:10:00,66.7,2025-06-19
2025-06-19 11:31:00,75.4,2025-06-19
2025-06-19 10:12:00,55.0,2025-06-19
2025-06-19 03:19:00,98.2,2025-06-19
2025-06-19 23:43:00,90.8,2025-06-19
2025-06-19 03:31:00,93.1,2025-06-19
2025-06-19 21:31:00,9.8,2025-06-19
2025-06-19 04:38:00,58.2,2025-06-19
2025-06-19 04:08:00,65.5,2025-06-19
2025-06-19 15:22:00,53.0,2025-06-19
2025-06-19 16:24:00,90.1,2025-06-19
2025-06-19 18:53:00,90.6,2025-06-19
2025-06-19 00:48:00,37.5,2025-06-19
2025-06-19 21:59:00,80.3,2025-06-19
2025-06-19 12:30:00,35.4,2025-06-19
2025-06-19 01:24:00,93.5,2025-06-19
2025-06-19 15:20:00,93.9,2025-06-19
2025-06-19 01:19:00,43.7,2025-06-19
2025-06-19 07:03:00,18.4,2025-06-19
2025-06-19 20:37:00,53.0,2025-06-19
2025-06-19 02:52:00,88.4,2025-06-19
2025-06-19 19:06:00,62.9,2025-06-19
2025-06-19 22:22:00,32.9,2025-06-19
2025-06-19 17:22:00,45.8,2025-06-19
2025-06-19 16:09:00,26.5,2025-06-19
2025-06-19 03:43:00,85.4,2025-06-19
2025-06-19 01:55:00,75.3,2025-06-19
2025-06-19 10:47:00,3.3,2025-06-19
2025-06-19 18:20:00,65.8,2025-06-19
2025-06-19 03:05:00,65.6,2025-06-19
2025-06-19 07:09:00,82.8,2025-06-19
2025-06-19 14:38:00,25.1,2025-06-19
2025-06-19 11:15:00,8.3,2025-06-19
2025-06-19 17:41:00,6.2,2025-06-19
2025-06-19 07:58:00,4.4,2025-06-19
2025-06-19 04:36:00,93.4,2025-06-19
2025-06-19 07:52:00,97.5,2025-06-19
2025-06-19 13:34:00,51.2,2025-06-19
2025-06-19 07:32:00,11.0,2025-06-19
2025-06-19 13:49:00,6.7,2025-06-19
2025-06-19 13:22:00,42.1,2025-06-19
2025-06-19 10:27:00,76.3,2025-06-19
2025-06-19 10:55:00,44.5,2025-06-19
2025-06-19 18:32:00,38.4,2025-06-19
2025-06-19 20:39:00,8.2,2025-06-19
2025-06-19 03:26:00,76.5,2025-06-19
2025-06-19 01:28:00,87.3,2025-06-19
2025-06-19 03:00:00,72.2,2025-06-19
2025-06-19 14:45:00,33.1,2025-06-19
2025-06-19 15:47:00,94.8,2025-06-19
2025-06-19 05:02:00,87.9,2025-06-19
2025-06-19 00:03:00,97.0,2025-06-19
2025-06-19 14:31:00,21.9,2025-06-19
2025-06-19 16:21:00,77.4,2025-06-19
2025-06-19 09:38:00,10.0,2025-06-19
2025-06-19 14:53:00,25.2,2025-06-19
2025-06-19 00:41:00,54.7,2025-06-19
2025-06-19 14:37:00,83.3,2025-06-19
2025-06-19 13:53:00,91.5,2025-06-19
2025-06-19 18:00:00,88.1,2025-06-19
2025-06-19 05:39:00,97.1,2025-06-19
2025-06-19 03:24:00,33.8,2025-06-19
2025-06-19 23:08:00,77.0,2025-06-19
2025-06-19 09:14:00,21.8,2025-06-19
2025-06-19 18:11:00,59.2,2025-06-19
2025-06-19 13:57:00,48.3,2025-06-19
2025-06-19 19:40:00,60.0,2025-06-19
2025-06-19 08:14:00,16.2,2025-06-19
2025-06-19 23:15:00,67.8,2025-06-19
2025-06-19 13:38:00,82.6,2025-06-19
2025-06-19 21:54:00,31.4,2025-06-19
2025-06-19 15:26:00,99.4,2025-06-19
2025-06-19 07:31:00,4.1,2025-06-19
2025-06-19 10:13:00,26.4,2025-06-19
2025-06-19 20:38:00,43.9,2025-06-19
2025-06-19 05:34:00,80.3,2025-06-19
2025-06-19 05:21:00,92.4,2025-06-19
2025-06-19 02:02:00,28.5,2025-06-19
2025-06-19 21:08:00,83.6,2025-06-19
2025-06-19 20:29:00,15.8,2025-06-19
2025-06-19 18:26:00,96.0,2025-06-19
2025-06-19 15:04:00,13.1,2025-06-19
2025-06-19 14:43:00,67.8,2025-06-19
2025-06-19 06:30:00,87.2,2025-06-19
2025-06-19 19:08:00,50.6,2025-06-19
2025-06-19 01:49:00,35.2,2025-06-19
2025-06-19 18:38:00,78.6,2025-06-19
2025-06-19 21:02:00,12.5,2025-06-19
2025-06-19 15:02:00,46.1,2025-06-19
2025-06-19 13:48:00,60.7,2025-06-19
2025-06-19 19:05:00,51.5,2025-06-19
2025-06-19 19:48:00,23.5,2025-06-19
2025-06-19 11:35:00,55.8,2025-06-19
2025-06-19 15:56:00,33.1,2025-06-19
2025-06-19 01:07:00,27.8,2025-06-19
2025-06-19 11:34:00,85.5,2025-06-19
2025-06-19 02:32:00,66.3,2025-06-19
2025-06-19 06:08:00,0.4,2025-06-19
2025-06-19 12:33:00,33.9,2025-06-19
2025-06-19 13:15:00,17.0,2025-06-19
2025-06-19 05:54:00,92.3,2025-06-19
2025-06-19 16:48:00,75.0,2025-06-19
2025-06-19 08:49:00,48.2,2025-06-19
2025-06-19 03:04:00,54.4,2025-06-19
2025-06-19 18:48:00,21.7,2025-06-19
2025-06-19 01:16:00,66.1,2025-06-19
2025-06-19 10:22:00,99.8,2025-06-19
2025-06-19 07:22:00,17.6,2025-06-19
2025-06-19 00:10:00,52.0,2025-06-19
2025-06-19 15:35:00,61.5,2025-06-19
2025-06-19 21:17:00,45.5,2025-06-19
2025-06-19 22:59:00,56.3,2025-06-19
2025-06-19 02:19:00,54.1,2025-06-19
2025-06-19 03:37:00,57.6,2025-06-19
2025-06-19 08:27:00,31.2,2025-06-19
2025-06-19 06:06:00,44.0,2025-06-19
2025-06-19 14:40:00,14.0,2025-06-19
2025-06-19 06:35:00,56.1,2025-06-19
2025-06-19 20:44:00,35.9,2025-06-19
2025-06-19 20:27:00,18.0,2025-06-19
2025-06-19 08:56:00,97.4,2025-06-19
2025-06-19 13:00:00,80.8,2025-06-19
2025-06-19 09:27:00,87.6,2025-06-19
2025-06-19 01:45:00,37.7,2025-06-19
2025-06-19 09:10:00,23.5,2025-06-19
2025-06-19 00:40:00,75.5,2025-06-19
2025-06-19 17:43:00,74.2,2025-06-19
2025-06-19 00:33:00,0.3,2025-06-19
2025-06-19 22:10:00,10.2,2025-06-19
2025-06-19 02:46:00,64.0,2025-06-19
2025-06-19 13:20:00,54.1,2025-06-19
2025-06-19 23:30:00,18.8,2025-06-19
2025-06-19 23:12:00,71.6,2025-06-19
2025-06-19 16:47:00,48.1,2025-06-19
2025-06-19 19:32:00,18.2,2025-06-19
2025-06-19 22:49:00,72.6,2025-06-19
2025-06-19 21:49:00,70.0,2025-06-19
2025-06-19 15:01:00,61.9,2025-06-19
2025-06-19 09:00:00,22.3,2025-06-19
2025-06-19 15:30:00,71.9,2025-06-19
2025-06-19 14:36:00,87.4,2025-06-19
2025-06-19 17:35:00,36.6,2025-06-19
2025-06-19 20:30:00,39.3,2025-06-19
2025-06-19 12:12:00,38.7,2025-06-19
2025-06-19 00:39:00,88.7,2025-06-19
2025-06-19 04:40:00,52.3,2025-06-19
2025-06-19 12:53:00,85.4,2025-06-19
2025-06-19 16:20:00,28.6,2025-06-19
2025-06-19 00:57:00,63.4,2025-06-19
2025-06-19 11:58:00,53.3,2025-06-19
2025-06-19 06:29:00,46.0,2025-06-19
2025-06-19 20:54:00,26.4,2025-06-19
2025-06-19 17:21:00,77.9,2025-06-19
2025-06-19 14:27:00,49.8,2025-06-19
2025-06-19 18:10:00,49.6,2025-06-19
2025-06-19 20:08:00,93.5,2025-06-19
2025-06-19 20:49:00,15.6,2025-06-19
2025-06-19 04:35:00,65.2,2025-06-19
2025-06-19 18:34:00,93.3,2025-06-19
2025-06-19 06:36:00,61.5,2025-06-19
2025-06-19 19:13:00,31.6,2025-06-19
2025-06-19 04:20:00,73.5,2025-06-19
2025-06-19 17:42:00,25.7,2025-06-19
2025-06-19 09:57:00,2.4,2025-06-19
2025-06-19 11:39:00,46.3,2025-06-19
2025-06-19 13:32:00,9.4,2025-06-19
2025-06-19 05:16:00,58.7,2025-06-19
2025-06-19 22:29:00,57.2,2025-06-19
2025-06-19 08:08:00,64.3,2025-06-19
2025-06-19 13:11:00,68.1,2025-06-19
2025-06-19 18:28:00,59.9,2025-06-19
2025-06-19 00:47:00,20.6,2025-06-19
2025-06-19 22:43:00,30.9,2025-06-19
2025-06-19 05:45:00,49.3,2025-06-19
2025-06-19 19:39:00,12.3,2025-06-19
2025-06-19 17:44:00,1.3,2025-06-19
2025-06-19 03:51:00,96.2,2025-06-19
2025-06-19 23:02:00,92.0,2025-06-19
2025-06-19 23:28:00,89.3,2025-06-19
2025-06-19 16:35:00,89.9,2025-06-19
2025-06-19 03:59:00,94.0,2025-06-19
2025-06-19 21:07:00,57.9,2025-06-19
2025-06-19 04:33:00,33.8,2025-06-19
2025-06-19 03:49:00,95.4,2025-06-19
2025-06-19 05:20:00,12.3,2025-06-19
2025-06-19 05:51:00,19.7,2025-06-19
2025-06-19 00:20:00,46.7,2025-06-19
2025-06-19 14:30:00,36.6,2025-06-19
2025-06-19 23:04:00,9.1,2025-06-19
2025-06-19 19:37:00,42.0,2025-06-19
2025-06-19 21:06:00,64.2,2025-06-19
2025-06-19 02:38:00,21.6,2025-06-19
2025-06-19 02:36:00,41.4,2025-06-19
2025-06-19 19:25:00,43.5,2025-06-19
2025-06-19 01:31:00,29.1,2025-06-19
2025-06-19 00:09:00,22.5,2025-06-19
2025-06-19 09:09:00,26.9,2025-06-19
2025-06-19 22:39:00,56.6,2025-06-19
2025-06-19 13:51:00,40.1,2025-06-19
2025-06-19 09:20:00,19.6,2025-06-19
2025-06-19 12:43:00,22.0,2025-06-19
2025-06-19 14:10:00,70.3,2025-06-19
2025-06-19 09:37:00,3.9,2025-06-19
2025-06-19 03:18:00,72.9,2025-06-19
2025-06-19 10:11:00,33.7,2025-06-19
2025-06-19 01:22:00,29.5,2025-06-19
2025-06-19 06:57:00,22.8,2025-06-19
2025-06-19 23:03:00,16.3,2025-06-19
2025-06-19 18:02:00,66.7,2025-06-19
2025-06-19 21:25:00,56.3,2025-06-19
2025-06-19 08:42:00,32.0,2025-06-19
2025-06-19 00:11:00,31.2,2025-06-19
2025-06-19 07:33:00,23.8,2025-06-19
2025-06-19 11:44:00,34.0,2025-06-19
2025-06-19 02:35:00,89.3,2025-06-19
2025-06-19 15:18:00,3.9,2025-06-19
2025-06-19 12:18:00,39.8,2025-06-19
2025-06-19 01:13:00,60.9,2025-06-19
2025-06-19 11:41:00,74.6,2025-06-19
2025-06-19 06:58:00,89.4,2025-06-19
2025-06-19 17:19:00,15.9,2025-06-19
2025-06-19 06:53:00,98.5,2025-06-19
2025-06-19 15:12:00,98.8,2025-06-19
2025-06-19 07:50:00,86.5,2025-06-19
2025-06-19 18:23:00,43.2,2025-06-19
2025-06-19 23:26:00,21.2,2025-06-19
2025-06-19 01:53:00,91.2,2025-06-19
2025-06-19 03:46:00,18.2,2025-06-19
2025-06-19 11:13:00,38.1,2025-06-19
2025-06-19 22:35:00,50.4,2025-06-19
2025-06-19 15:58:00,27.6,2025-06-19
2025-06-19 20:50:00,7.6,2025-06-19
2025-06-19 08:07:00,73.1,2025-06-19
2025-06-19 10:06:00,91.3,2025-06-19
2025-06-19 00:50:00,42.5,2025-06-19
2025-06-19 00:18:00,80.7,2025-06-19
2025-06-19 23:22:00,27.2,2025-06-19
2025-06-19 17:28:00,5.1,2025-06-19
2025-06-19 21:48:00,87.3,2025-06-19
2025-06-19 11:24:00,90.0,2025-06-19
2025-06-19 13:33:00,57.5,2025-06-19
2025-06-19 21:56:00,72.6,2025-06-19
2025-06-19 18:24:00,63.7,2025-06-19
2025-06-19 03:41:00,58.1,2025-06-19
2025-06-19 19:12:00,68.2,2025-06-19
2025-06-19 10:15:00,33.9,2025-06-19
2025-06-19 03:09:00,60.1,2025-06-19
2025-06-19 14:18:00,83.9,2025-06-19
2025-06-19 22:13:00,99.7,2025-06-19
2025-06-19 17:31:00,21.9,2025-06-19
2025-06-19 04:14:00,20.1,2025-06-19
2025-06-19 18:47:00,95.1,2025-06-19
2025-06-19 12:02:00,63.1,2025-06-19
2025-06-19 13:59:00,51.9,2025-06-19
2025-06-19 10:08:00,44.5,2025-06-19
2025-06-19 00:25:00,47.7,2025-06-19
2025-06-19 23:52:00,58.4,2025-06-19
2025-06-19 16:37:00,80.7,2025-06-19
2025-06-19 08:21:00,22.6,2025-06-19
2025-06-19 08:12:00,98.6,2025-06-19
2025-06-19 14:56:00,12.0,2025-06-19
2025-06-19 11:27:00,62.7,2025-06-19
2025-06-19 19:59:00,95.6,2025-06-19
2025-06-19 04:41:00,4.6,2025-06-19
2025-06-19 09:46:00,73.4,2025-06-19
2025-06-19 13:58:00,91.1,2025-06-19
2025-06-19 10:17:00,35.8,2025-06-19
2025-06-19 04:11:00,78.2,2025-06-19
2025-06-19 07:19:00,11.8,2025-06-19
2025-06-19 20:56:00,36.1,2025-06-19
2025-06-19 16:00:00,8.0,2025-06-19
2025-06-19 23:36:00,81.6,2025-06-19
2025-06-19 02:34:00,31.5,2025-06-19
2025-06-19 07:37:00,20.4,2025-06-19
2025-06-19 08:34:00,53.8,2025-06-19
2025-06-19 03:50:00,59.6,2025-06-19
2025-06-19 13:35:00,23.1,2025-06-19
2025-06-19 15:41:00,71.1,2025-06-19
2025-06-19 23:27:00,22.3,2025-06-19
2025-06-19 20:43:00,98.8,2025-06-19
2025-06-19 17:37:00,5.7,2025-06-19
2025-06-19 23:20:00,13.6,2025-06-19
2025-06-19 21:36:00,83.6,2025-06-19
2025-06-19 10:23:00,22.5,2025-06-19
2025-06-19 14:33:00,44.1,2025-06-19
2025-06-19 17:30:00,34.8,2025-06-19
2025-06-19 17:17:00,16.2,2025-06-19
2025-06-19 01:42:00,97.3,2025-06-19
2025-06-19 14:03:00,98.6,2025-06-19
2025-06-19 08:28:00,79.5,2025-06-19
2025-06-19 08:23:00,85.0,2025-06-19
2025-06-19 08:10:00,66.0,2025-06-19
2025-06-19 21:42:00,21.6,2025-06-19
2025-06-19 21:05:00,80.2,2025-06-19
2025-06-19 16:29:00,60.0,2025-06-19
2025-06-19 22:23:00,99.4,2025-06-19
2025-06-19 22:01:00,6.4,2025-06-19
2025-06-19 08:53:00,25.6,2025-06-19
2025-06-19 15:07:00,29.2,2025-06-19
2025-06-19 08:03:00,32.8,2025-06-19
2025-06-19 10:00:00,25.5,2025-06-19
2025-06-19 19:07:00,31.8,2025-06-19
2025-06-19 16:19:00,67.4,2025-06-19
2025-06-19 15:37:00,70.7,2025-06-19
2025-06-19 23:05:00,96.3,2025-06-19
2025-06-19 19:58:00,66.0,2025-06-19
2025-06-19 17:11:00,73.0,2025-06-19
2025-06-19 18:27:00,70.6,2025-06-19
2025-06-19 15:54:00,64.2,2025-06-19
2025-06-19 23:01:00,29.5,2025-06-19
2025-06-19 13:46:00,17.4,2025-06-19
2025-06-19 07:41:00,11.9,2025-06-19
2025-06-19 06:28:00,50.3,2025-06-19
2025-06-19 04:53:00,4.5,2025-06-19
2025-06-19 18:43:00,95.4,2025-06-19
2025-06-19 07:38:00,24.0,2025-06-19
2025-06-19 03:14:00,58.9,2025-06-19
2025-06-19 18:59:00,75.7,2025-06-19
2025-06-19 01:04:00,49.4,2025-06-19
2025-06-19 16:36:00,68.8,2025-06-19
2025-06-19 18:46:00,82.9,2025-06-19
2025-06-19 09:23:00,33.2,2025-06-19
2025-06-19 19:49:00,7.4,2025-06-19
2025-06-19 21:46:00,35.9,2025-06-19
2025-06-19 14:59:00,90.6,2025-06-19
2025-06-19 22:05:00,62.7,2025-06-19
2025-06-19 18:25:00,71.6,2025-06-19
2025-06-19 01:14:00,78.4,2025-06-19
2025-06-19 22:15:00,61.5,2025-06-19
2025-06-19 20:23:00,88.2,2025-06-19
2025-06-19 09:17:00,26.0,2025-06-19
2025-06-19 15:38:00,89.5,2025-06-19
2025-06-19 14:06:00,24.0,2025-06-19
2025-06-19 04:29:00,48.3,2025-06-19
2025-06-19 16:27:00,5.2,2025-06-19
2025-06-19 00:00:00,48.2,2025-06-19
2025-06-19 11:12:00,58.6,2025-06-19
2025-06-19 12:28:00,12.9,2025-06-19
2025-06-19 21:09:00,98.3,2025-06-19
2025-06-19 20:40:00,58.1,2025-06-19
2025-06-19 02:07:00,57.3,2025-06-19
2025-06-19 13:14:00,90.8,2025-06-19
2025-06-19 23:39:00,72.5,2025-06-19
2025-06-19 17:48:00,43.4,2025-06-19
2025-06-19 06:00:00,0.8,2025-06-19
2025-06-19 19:10:00,94.5,2025-06-19
2025-06-19 16:54:00,61.3,2025-06-19
2025-06-19 01:06:00,10.2,2025-06-19
2025-06-19 00:13:00,70.6,2025-06-19
2025-06-19 00:34:00,8.2,2025-06-19
2025-06-19 04:43:00,10.4,2025-06-19
2025-06-19 00:53:00,74.5,2025-06-19
2025-06-19 15:49:00,3.1,2025-06-19
2025-06-19 11:21:00,54.0,2025-06-19
2025-06-19 19:00:00,3.9,2025-06-19
2025-06-19 02:40:00,19.9,2025-06-19
2025-06-19 17:05:00,33.7,2025-06-19
2025-06-19 13:25:00,23.0,2025-06-19
2025-06-19 20:25:00,75.5,2025-06-19
2025-06-19 22:24:00,54.6,2025-06-19
2025-06-19 01:25:00,72.7,2025-06-19
2025-06-19 10:58:00,39.0,2025-06-19
2025-06-19 12:38:00,98.8,2025-06-19
2025-06-19 09:08:00,59.6,2025-06-19
2025-06-19 22:55:00,97.7,2025-06-19
2025-06-19 20:10:00,13.0,2025-06-19
2025-06-19 17:01:00,3.9,2025-06-19
2025-06-19 07:06:00,41.2,2025-06-19
2025-06-19 04:48:00,48.7,2025-06-19
2025-06-19 18:07:00,37.1,2025-06-19
2025-06-19 21:13:00,49.8,2025-06-19
2025-06-19 22:28:00,59.9,2025-06-19
2025-06-19 09:53:00,12.3,2025-06-19
2025-06-19 17:02:00,55.1,2025-06-19
2025-06-19 11:23:00,25.8,2025-06-19
2025-06-19 18:19:00,42.1,2025-06-19
2025-06-19 23:45:00,95.1,2025-06-19
2025-06-19 13:31:00,65.0,2025-06-19
2025-06-19 11:06:00,39.0,2025-06-19
2025-06-19 03:28:00,60.8,2025-06-19
2025-06-19 06:41:00,43.9,2025-06-19
2025-06-19 18:16:00,32.8,2025-06-19
2025-06-19 08:01:00,41.6,2025-06-19
2025-06-19 07:53:00,57.9,2025-06-19
2025-06-19 05:04:00,75.5,2025-06-19
2025-06-19 20:58:00,2.7,2025-06-19
2025-06-19 02:14:00,26.9,2025-06-19
2025-06-19 06:20:00,25.2,2025-06-19
2025-06-19 05:18:00,74.8,2025-06-19
2025-06-19 04:12:00,7.7,2025-06-19
2025-06-19 09:44:00,92.6,2025-06-19
2025-06-19 15:08:00,75.6,2025-06-19
2025-06-19 21:29:00,4.6,2025-06-19
2025-06-19 19:14:00,29.9,2025-06-19
2025-06-19 20:16:00,90.0,2025-06-19
2025-06-19 05:33:00,59.0,2025-06-19
2025-06-19 04:45:00,31.5,2025-06-19
2025-06-19 06:16:00,75.1,2025-06-19
2025-06-19 22:58:00,61.4,2025-06-19
2025-06-19 21:27:00,18.2,2025-06-19
2025-06-19 15:57:00,85.6,2025-06-19
2025-06-19 20:55:00,11.7,2025-06-19
2025-06-19 02:56:00,80.1,2025-06-19
2025-06-19 00:12:00,59.4,2025-06-19
2025-06-19 20:34:00,83.9,2025-06-19
2025-06-19 12:44:00,78.1,2025-06-19
2025-06-19 10:57:00,37.8,2025-06-19
2025-06-19 23:33:00,71.3,2025-06-19
2025-06-19 01:50:00,22.5,2025-06-19
2025-06-19 12:40:00,92.5,2025-06-19
2025-06-19 14:15:00,86.1,2025-06-19
2025-06-19 16:55:00,56.3,2025-06-19
2025-06-19 19:33:00,78.1,2025-06-19
2025-06-19 17:40:00,78.7,2025-06-19
2025-06-19 22:19:00,33.0,2025-06-19
2025-06-19 05:41:00,80.6,2025-06-19
2025-06-19 03:11:00,64.4,2025-06-19
2025-06-19 23:38:00,96.7,2025-06-19
2025-06-19 00:01:00,40.6,2025-06-19
2025-06-19 20:31:00,54.2,2025-06-19
2025-06-19 00:52:00,88.2,2025-06-19
2025-06-19 03:47:00,20.4,2025-06-19
2025-06-19 10:03:00,43.2,2025-06-19
2025-06-19 14:25:00,97.5,2025-06-19
2025-06-19 18:50:00,47.3,2025-06-19
2025-06-19 15:52:00,30.3,2025-06-19
2025-06-19 09:21:00,25.0,2025-06-19
2025-06-19 22:52:00,19.3,2025-06-19
2025-06-19 23:40:00,47.4,2025-06-19
2025-06-19 11:50:00,58.0,2025-06-19
2025-06-19 20:03:00,94.1,2025-06-19
2025-06-19 23:56:00,58.1,2025-06-19
2025-06-19 13:55:00,21.1,2025-06-19
2025-06-19 03:01:00,36.3,2025-06-19
2025-06-19 22:18:00,28.2,2025-06-19
2025-06-19 09:51:00,75.9,2025-06-19
2025-06-19 10:19:00,93.7,2025-06-19
2025-06-19 20:35:00,66.4,2025-06-19
2025-06-19 09:05:00,77.6,2025-06-19
2025-06-19 09:01:00,0.6,2025-06-19
2025-06-19 22:27:00,91.7,2025-06-19
2025-06-19 22:17:00,96.1,2025-06-19
2025-06-19 02:22:00,18.7,2025-06-19
2025-06-19 19:28:00,31.3,2025-06-19
2025-06-19 00:38:00,79.9,2025-06-19
2025-06-19 17:55:00,0.0,2025-06-19
2025-06-19 18:37:00,3.2,2025-06-19
2025-06-19 06:27:00,20.6,2025-06-19
2025-06-19 07:56:00,9.3,2025-06-19
2025-06-19 08:51:00,41.0,2025-06-19
2025-06-19 12:07:00,94.2,2025-06-19
2025-06-19 08:54:00,61.2,2025-06-19
2025-06-19 07:57:00,15.1,2025-06-19
2025-06-19 17:24:00,51.4,2025-06-19
2025-06-19 16:59:00,16.9,2025-06-19
2025-06-19 05:13:00,22.5,2025-06-19
2025-06-19 17:03:00,10.9,2025-06-19
2025-06-19 19:03:00,90.0,2025-06-19
2025-06-19 05:32:00,2.2,2025-06-19
2025-06-19 19:17:00,94.7,2025-06-19
2025-06-19 01:18:00,88.1,2025-06-19
2025-06-19 16:33:00,15.5,2025-06-19
2025-06-19 12:13:00,7.2,2025-06-19
2025-06-19 05:46:00,40.4,2025-06-19
2025-06-19 02:03:00,9.8,2025-06-19
2025-06-19 19:54:00,51.3,2025-06-19
2025-06-19 14:52:00,67.8,2025-06-19
2025-06-19 16:08:00,51.3,2025-06-19
2025-06-19 06:34:00,31.5,2025-06-19
2025-06-19 10:04:00,57.1,2025-06-19
2025-06-19 04:42:00,2.7,2025-06-19
2025-06-19 04:02:00,4.2,2025-06-19
2025-06-19 23:34:00,96.9,2025-06-19
2025-06-19 08:29:00,26.9,2025-06-19
2025-06-19 10:59:00,1.6,2025-06-19
2025-06-19 02:51:00,11.7,2025-06-19
2025-06-19 08:57:00,29.4,2025-06-19
2025-06-19 03:15:00,22.9,2025-06-19
2025-06-19 12:21:00,82.8,2025-06-19
2025-06-19 11:00:00,22.4,2025-06-19
2025-06-19 11:05:00,88.6,2025-06-19
2025-06-19 03:58:00,62.8,2025-06-19
2025-06-19 00:19:00,75.8,2025-06-19
2025-06-19 09:40:00,41.6,2025-06-19
2025-06-19 22:25:00,90.6,2025-06-19
2025-06-19 01:20:00,8.4,2025-06-19
2025-06-19 06:10:00,35.1,2025-06-19
2025-06-19 01:30:00,14.6,2025-06-19
2025-06-19 10:33:00,24.6,2025-06-19
2025-06-19 15:27:00,30.4,2025-06-19
2025-06-19 21:21:00,20.0,2025-06-19
2025-06-19 15:36:00,36.5,2025-06-19
2025-06-19 23:18:00,34.7,2025-06-19
2025-06-19 06:09:00,60.8,2025-06-19
2025-06-19 23:23:00,29.8,2025-06-19
2025-06-19 20:12:00,85.6,2025-06-19
2025-06-19 18:01:00,96.4,2025-06-19
2025-06-19 13:10:00,58.7,2025-06-19
2025-06-19 03:33:00,70.0,2025-06-19
2025-06-19 03:10:00,72.3,2025-06-19
2025-06-19 02:57:00,16.0,2025-06-19
2025-06-19 16:11:00,76.1,2025-06-19
2025-06-19 18:45:00,5.9,2025-06-19
2025-06-19 08:43:00,73.1,2025-06-19
2025-06-19 18:42:00,37.2,2025-06-19
2025-06-19 12:10:00,77.3,2025-06-19
2025-06-19 22:56:00,48.8,2025-06-19
2025-06-19 13:26:00,73.2,2025-06-19
2025-06-19 19:26:00,33.5,2025-06-19
2025-06-19 19:35:00,78.1,2025-06-19
2025-06-19 14:26:00,97.7,2025-06-19
2025-06-19 14:07:00,23.6,2025-06-19
2025-06-19 09:36:00,68.8,2025-06-19
2025-06-19 02:37:00,66.0,2025-06-19
2025-06-19 01:08:00,22.0,2025-06-19
2025-06-19 18:05:00,39.7,2025-06-19
2025-06-19 11:54:00,26.4,2025-06-19
2025-06-19 17:59:00,74.5,2025-06-19
2025-06-19 12:35:00,40.1,2025-06-19
2025-06-19 03:03:00,55.2,2025-06-19
2025-06-19 18:56:00,66.1,2025-06-19
2025-06-19 17:20:00,31.5,2025-06-19
2025-06-19 22:07:00,92.6,2025-06-19
2025-06-19 14:41:00,99.8,2025-06-19
2025-06-19 15:14:00,28.1,2025-06-19
2025-06-19 11:56:00,18.5,2025-06-19
2025-06-19 12:36:00,43.9,2025-06-19
2025-06-19 14:46:00,76.4,2025-06-19
2025-06-19 15:51:00,83.0,2025-06-19
2025-06-19 17:25:00,17.8,2025-06-19
2025-06-19 23:31:00,40.1,2025-06-19
2025-06-19 22:53:00,85.0,2025-06-19
2025-06-19 12:48:00,35.4,2025-06-19
2025-06-19 15:06:00,11.2,2025-06-19
2025-06-19 21:15:00,38.1,2025-06-19
2025-06-19 12:03:00,53.0,2025-06-19
2025-06-19 18:39:00,63.6,2025-06-19
2025-06-19 16:43:00,94.8,2025-06-19
2025-06-19 22:38:00,9.6,2025-06-19
2025-06-19 22:30:00,42.6,2025-06-19
2025-06-19 11:02:00,21.4,2025-06-19
2025-06-19 10:20:00,88.3,2025-06-19
2025-06-19 05:17:00,61.7,2025-06-19
2025-06-19 13:44:00,94.8,2025-06-19
2025-06-19 08:33:00,77.0,2025-06-19
2025-06-19 11:42:00,27.2,2025-06-19
2025-06-19 16:28:00,53.6,2025-06-19
2025-06-19 04:37:00,79.8,2025-06-19
2025-06-19 07:54:00,93.2,2025-06-19
2025-06-19 09:12:00,1.1,2025-06-19
2025-06-19 02:13:00,84.2,2025-06-19
2025-06-19 16:16:00,49.0,2025-06-19
2025-06-19 03:07:00,57.8,2025-06-19
2025-06-19 10:14:00,30.1,2025-06-19
2025-06-19 15:13:00,94.2,2025-06-19
2025-06-19 14:20:00,24.9,2025-06-19
2025-06-19 20:47:00,20.2,2025-06-19
2025-06-19 15:19:00,25.6,2025-06-19
2025-06-19 15:43:00,38.1,2025-06-19
2025-06-19 05:01:00,96.4,2025-06-19
2025-06-19 09:30:00,63.5,2025-06-19
2025-06-19 13:36:00,6.5,2025-06-19
2025-06-19 16:32:00,57.3,2025-06-19
2025-06-19 04:13:00,30.6,2025-06-19
2025-06-19 00:44:00,57.3,2025-06-19
2025-06-19 10:52:00,69.1,2025-06-19
2025-06-19 00:22:00,70.7,2025-06-19
2025-06-19 08:09:00,79.0,2025-06-19
2025-06-19 01:41:00,77.5,2025-06-19
2025-06-19 21:12:00,78.5,2025-06-19
2025-06-19 14:22:00,52.9,2025-06-19
2025-06-19 07:29:00,30.1,2025-06-19
